2015-01-01,382014,62943,58045,39,27,33, ,0,M,0.0,0.00,7.1	
2015-01-02,345296,43410,40287,42,35,39, ,0,M,0.0,0.00,7.1	
2015-01-03,406769,53866,59844,42,33,38,RA SN BR,0,M,  T,0.71,6.4	
2015-01-04,328848,41602,41943,56,41,49,RA BR,0,M,0.0,0.30,6.4	
2015-01-05,363454,41923,43678,49,21,35, ,0,M,0.0,0.00,10.5	
2015-01-06,384324,40646,53539,22,19,21,SN HZ,0,M,1.0,0.05,4.1	
2015-01-07,429653,47802,63375,23,9,16, ,1,M,0.0,0.00,12.7	
2015-01-08,450920,47791,73016,21,8,15, ,  T,M,0.0,0.00,8.8	
2015-01-09,447947,53591,72124,33,19,26,SN HZ,  T,M,1.5,0.07,8.8	
2015-01-10,515540,64340,80656,23,16,20, ,1,M,0.0,0.00,8.1	
2015-01-11,419629,50359,58751,37,18,28, ,1,M,0.0,0.00,6.0	
2015-01-12,396367,40867,58991,39,35,37,RA BR UP,  T,M,  T,0.36,3.9	
2015-01-13,448517,45229,64765,36,17,27, ,0,M,0.0,0.00,8.6	
2015-01-14,442656,44394,64725,32,16,24, ,0,M,0.0,0.00,6.2	
2015-01-15,451186,47962,68211,35,25,30, ,0,M,0.0,0.00,4.7	
2015-01-16,478124,59926,74193,43,20,32,HZ,0,M,0.0,0.00,9.8	
2015-01-17,476827,64628,75364,32,17,25, ,0,M,0.0,0.00,6.1	
2015-01-18,427042,55068,74523,42,31,37,RA FG+ FG BR,0,M,0.0,2.10,3.9	
2015-01-19,342795,35777,47025,42,36,39, ,0,M,0.0,0.00,7.6	
2015-01-20,405581,40914,55867,40,32,36, ,0,M,0.0,0.00,5.7	
2015-01-21,431486,43276,60383,36,25,31, ,0,M,0.0,0.00,4.3	
2015-01-22,452108,46260,66819,40,31,36,HZ,0,M,0.0,0.00,5.5	
2015-01-23,472440,54857,73363,39,28,34,SN,0,M,0.0,0.00,5.6	
2015-01-24,460505,58631,82588,39,33,36,RA SN FG BR UP HZ,3,M,3.6,0.72,6.0	
2015-01-25,407579,52950,59382,42,31,37, ,2,M,0.0,0.00,6.3	
2015-01-26,230255,29869,44310,31,22,27,SN FG+ FZFG HZ,2,M,5.5,0.48,12.8	
2015-01-27,135500,15406,25954,30,20,25,SN HZ,8,M,4.3,0.36,8.3	
2015-01-28,380192,42508,61626,34,16,25, ,8,M,0.0,0.00,7.7	
2015-01-29,431985,47965,70441,36,19,28,SN BR,6,M,  T,0.02,3.9	
2015-01-30,483380,62944,85565,38,19,29,SN HZ,7,M,1.0,0.06,10.6	
2015-01-31,520067,70797,94448,26,13,20, ,7,M,0.0,0.00,12.2	
2015-02-01,343842,58157,78592,36,20,28,SN BR,6,M,0.3,0.03,3.7	
2015-02-02,271223,42210,70193,34,14,24,RA FZRA SN FG+ FG FZFG BR UP HZ,7,M,5.0,1.02,9.8	
2015-02-03,346906,48291,71532,26,13,20, ,8,M,0.0,0.00,7.2	
2015-02-04,347394,47368,68237,43,24,34, ,8,M,0.0,0.00,4.2	
2015-02-05,374009,55008,82336,42,14,28, ,8,M,0.0,0.00,8.4	
2015-02-06,448623,62135,87568,27,12,20, ,8,M,0.0,0.00,7.2	
2015-02-07,416190,67182,82752,40,25,33,SN,8,M,  T,0.02,3.9	
2015-02-08,341439,56341,64327,37,29,33,BR HZ,8,M,0.0,0.00,8.6	
2015-02-09,326151,43505,63306,29,25,27,UP HZ,8,M,  T,0.09,11.0	
2015-02-10,349606,45711,66197,40,26,33,SN,8,M,0.1,0.01,10.4	
2015-02-11,398018,49009,73742,34,22,28, ,8,M,0.0,0.00,6.5	
2015-02-12,378984,54720,84751,40,16,28,SN HZ,8,M,  T,  T,7.3	
2015-02-13,432892,70191,99897,21,8,15, ,8,M,0.0,0.00,9.1	
2015-02-14,425366,76426,102347,32,16,24,SN HZ,8,M,0.9,0.02,5.3	
2015-02-15,414903,64362,91320,25,4,15, ,9,M,  T,  T,14.6	
2015-02-16,330486,46933,73672,21,3,12, ,9,M,0.0,0.00,6.9	
2015-02-17,334223,41800,74221,27,14,21,SN,12,M,3.3,0.14,4.7	
2015-02-18,392578,48362,73493,33,19,26,SN,9,M,  T,  T,4.2	
2015-02-19,379500,59130,90271,27,8,18, ,9,M,0.0,0.00,11.4	
2015-02-20,450762,64721,102762,19,2,11, ,9,M,0.0,0.00,10.3	
2015-02-21,365421,64136,100481,32,13,23,FZRA SN BR,9,M,3.0,0.61,4.4	
2015-02-22,323504,53861,67844,43,32,38,SN BR UP HZ,13,M,1.0,0.10,2.9	
2015-02-23,402344,53011,72494,38,8,23, ,12,M,0.0,0.00,11.2	
2015-02-24,359002,50161,80520,24,4,14, ,12,M,0.0,0.00,5.8	
2015-02-25,371472,50958,75992,37,20,29, ,12,M,0.0,0.00,6.4	
2015-02-26,436740,56717,84840,32,21,27,HZ,11,M,0.0,0.00,7.1	
2015-02-27,406713,68585,90217,30,18,24, ,11,M,0.0,0.00,6.1	
2015-02-28,417237,75839,89716,29,13,21, ,11,M,0.0,0.00,3.6	
2015-03-01,385267,53354,70839,31,24,28,SN BR UP HZ,10,M,4.8,0.52,2.2	
2015-03-02,388548,46653,57460,39,27,33,HZ,15,M,0.0,0.00,8.0	
2015-03-03,397691,51223,75048,37,22,30,RA FZRA SN BR UP,14,M,1.8,0.67,4.8	
2015-03-04,435759,51819,71931,45,35,40,RA BR UP HZ,13,M,0.0,0.25,6.0	
2015-03-05,366435,42207,77446,40,19,30,RA SN FG+ FZFG BR UP HZ,13,M,7.5,0.76,5.8	
2015-03-06,446842,63909,83134,27,12,20, ,19,M,0.0,0.00,6.3	
2015-03-07,504246,73297,81468,38,18,28, ,18,M,0.0,0.00,5.2	
2015-03-08,411917,57377,61824,49,37,43, ,16,M,0.0,0.00,5.1	
2015-03-09,392009,44832,53920,54,40,47,RA,13,M,0.0,0.01,4.7	
2015-03-10,413949,51179,72185,53,39,46,RA BR,11,M,0.0,0.46,3.5	
2015-03-11,428366,50252,65315,59,44,52,BR,6,M,0.0,0.01,6.9	
2015-03-12,461719,54166,74038,47,36,42, ,4,M,0.0,0.00,8.2	
2015-03-13,476936,64178,79272,43,31,37, ,2,M,0.0,0.00,6.5	
2015-03-14,496525,71314,90956,51,40,46,RA BR,1,M,0.0,0.81,5.5	
2015-03-15,418778,60306,63421,44,36,40, ,0,M,0.0,0.00,11.3	
2015-03-16,374820,44450,54824,52,35,44, ,0,M,0.0,0.00,3.9	
2015-03-17,413376,50346,62886,57,34,46,RA,0,M,0.0,0.02,9.7	
2015-03-18,452981,51635,70384,39,29,34, ,0,M,0.0,0.00,9.5	
2015-03-19,451904,52935,75839,43,29,36, ,0,M,0.0,0.00,5.9	
2015-03-20,458225,61968,95273,38,29,34,SN FG+ FZFG BR HZ,0,M,4.5,0.40,7.9	
2015-03-21,468108,69231,80745,47,29,38,BR HZ,5,M,  T,  T,5.4	
2015-03-22,429016,62057,69337,43,28,36, ,0,M,0.0,0.00,7.5	
2015-03-23,390353,46717,60498,38,23,31, ,0,M,0.0,0.00,6.7	
2015-03-24,412152,45811,64400,45,26,36, ,0,M,0.0,0.00,4.0	
2015-03-25,427026,50370,73953,49,34,42,RA BR,0,M,0.0,0.05,4.4	
2015-03-26,427632,53254,78552,62,42,52,RA BR HZ,0,M,0.0,0.32,2.9	
2015-03-27,465493,63319,84977,46,39,43,RA BR,0,M,0.0,0.27,4.3	
2015-03-28,510351,76226,92527,40,26,33,SN HZ,0,M,  T,  T,7.7	
2015-03-29,424267,61984,75648,46,25,36, ,0,M,0.0,0.00,6.3	
2015-03-30,391004,45070,62780,54,36,45,SN,0,M,  T,  T,7.9	
2015-03-31,429914,51135,78893,47,35,41,RA,0,M,  T,0.17,5.4	
2015-04-01,440246,51943,69223,51,32,42, ,0,M,0.0,0.00,5.2	
2015-04-02,444300,55928,74069,67,41,54, ,0,M,0.0,0.00,6.2	
2015-04-03,444077,60434,75983,64,59,62,RA BR HZ,0,M,0.0,0.04,6.6	
2015-04-04,440170,68373,69189,60,42,51,RA BR,0,M,0.0,0.01,10.0	
2015-04-05,377462,58745,58357,61,42,52, ,0,M,0.0,0.00,4.8	
2015-04-06,375754,43483,53565,63,42,53, ,0,M,0.0,0.00,4.3	
2015-04-07,425909,47404,68079,62,42,52,RA BR HZ,0,M,0.0,0.15,7.0	
2015-04-08,443492,50396,72023,45,37,41,BR,0,M,0.0,0.00,11.4	
2015-04-09,460476,51804,77520,43,37,40,BR,0,M,0.0,0.00,9.0	
2015-04-10,468077,59253,81439,56,39,48,RA BR HZ,0,M,0.0,0.17,4.6	
2015-04-11,473730,72944,82547,57,44,51, ,0,M,0.0,0.00,8.7	
2015-04-12,407342,60888,67726,66,43,55, ,0,M,0.0,0.00,3.3	
2015-04-13,377158,44318,56655,68,50,59, ,0,M,0.0,0.00,4.6	
2015-04-14,411892,44103,63393,65,55,60, ,0,M,0.0,0.01,3.9	
2015-04-15,427092,48469,66534,72,51,62, ,0,M,0.0,0.00,6.2	
2015-04-16,452157,53163,78808,64,52,58, ,0,M,0.0,0.00,6.5	
2015-04-17,469283,60053,83855,71,55,63,RA,0,M,0.0,0.08,5.2	
2015-04-18,500928,75616,94196,80,59,70, ,0,M,0.0,0.00,4.3	
2015-04-19,445785,64273,78107,64,48,56, ,0,M,0.0,0.00,8.5	
2015-04-20,397259,46724,78076,57,46,52,RA FG BR,0,M,0.0,1.37,7.4	
2015-04-21,426137,44991,68712,65,52,59,RA BR,0,M,0.0,0.20,6.0	
2015-04-22,432491,50457,82124,69,48,59,RA,0,M,0.0,0.05,6.4	
2015-04-23,463486,55777,92110,52,41,47, ,0,M,0.0,0.00,9.1	
2015-04-24,474068,65736,99688,52,39,46, ,0,M,0.0,0.00,8.6	
2015-04-25,489474,75469,106270,62,38,50, ,0,M,0.0,0.00,5.6	
2015-04-26,424608,62190,88673,64,46,55, ,0,M,0.0,0.00,5.2	
2015-04-27,393526,44694,64783,62,49,56, ,0,M,0.0,0.00,5.9	
2015-04-28,411771,44227,68863,71,50,61, ,0,M,0.0,0.00,7.8	
2015-04-29,427507,49132,75940,78,50,64, ,0,M,0.0,0.00,5.6	
2015-04-30,446132,53407,84330,67,48,58, ,0,M,0.0,0.00,8.0	
2015-05-01,461547,66187,92329,63,49,56, ,0,M,0.0,0.00,5.1	
2015-05-02,507619,81574,104978,74,48,61, ,0,M,0.0,0.00,3.0	
2015-05-03,434789,65671,80300,80,51,66, ,0,M,0.0,0.00,2.5	
2015-05-04,390266,45273,65447,85,57,71, ,0,M,0.0,0.00,5.3	
2015-05-05,432452,47745,76195,85,66,76, ,0,M,0.0,0.00,4.0	
2015-05-06,444948,50446,80447,73,59,66, ,0,M,0.0,  T,5.0	
2015-05-07,442222,54721,87361,80,56,68,HZ,0,M,0.0,0.00,2.3	
2015-05-08,449009,63470,90733,82,56,69,BR HZ,0,M,0.0,0.00,3.0	
2015-05-09,469017,73424,98359,70,57,64,BR HZ,0,M,0.0,0.00,4.3	
2015-05-10,405427,64676,80146,83,61,72,BR HZ,0,M,0.0,0.00,3.6	
2015-05-11,395280,46426,70310,84,70,77,RA HZ,0,M,0.0,  T,3.7	
2015-05-12,424512,47026,78437,86,64,75,BR HZ,0,M,0.0,0.00,5.4	
2015-05-13,439371,51867,84937,70,53,62, ,0,M,0.0,0.00,7.3	
2015-05-14,439936,54778,93624,73,50,62, ,0,M,0.0,0.00,3.8	
2015-05-15,457541,63952,99756,75,55,65, ,0,M,0.0,0.00,3.3	
2015-05-16,479580,76005,121557,75,57,66,RA BR,0,M,0.0,0.30,2.1	
2015-05-17,423198,61746,94322,83,64,74,RA BR HZ,0,M,0.0,0.02,1.9	
2015-05-18,403641,46820,76414,75,60,68,BR HZ,0,M,0.0,0.00,4.6	
2015-05-19,432943,48032,85371,80,59,70,RA BR HZ,0,M,0.0,  T,2.4	
2015-05-20,441232,51229,91062,67,54,61, ,0,M,0.0,0.00,6.9	
2015-05-21,446819,54937,95146,62,52,57, ,0,M,0.0,0.00,2.6	
2015-05-22,419629,60792,85771,74,55,65, ,0,M,0.0,0.00,6.0	
2015-05-23,383363,64720,78343,70,49,60, ,0,M,0.0,0.00,4.4	
2015-05-24,336652,57034,68328,81,56,69, ,0,M,0.0,0.00,3.9	
2015-05-25,301706,44000,59748,85,64,75, ,0,M,0.0,0.00,4.8	
2015-05-26,387134,44578,72820,88,67,78, ,0,M,0.0,0.00,5.2	
2015-05-27,415919,49071,88662,85,70,78,RA BR,0,M,0.0,0.08,5.1	
2015-05-28,432112,52336,95074,85,70,78,HZ,0,M,0.0,0.00,4.1	
2015-05-29,441299,61282,98200,85,65,75, ,0,M,0.0,0.00,4.1	
2015-05-30,451080,73086,104429,85,67,76, ,0,M,0.0,0.00,5.5	
2015-05-31,368019,63944,96947,87,57,72,RA BR,0,M,0.0,1.46,5.5	
2015-06-01,400833,51549,93499,58,51,55,RA BR,0,M,0.0,0.72,10.3	
2015-06-02,419994,49962,97592,55,50,53,RA BR,0,M,0.0,0.37,6.2	
2015-06-03,425776,50311,87206,70,52,61, ,0,M,0.0,0.00,4.6	
2015-06-04,444543,53318,95023,65,54,60, ,0,M,0.0,0.00,5.2	
2015-06-05,451185,63653,101922,70,55,63,RA BR HZ,0,M,0.0,0.13,2.9	
2015-06-06,449804,73271,101773,76,60,68,RA BR,0,M,0.0,0.19,4.6	
2015-06-07,402188,64186,88876,74,55,65, ,0,M,0.0,0.00,3.9	
2015-06-08,391087,45686,76899,79,63,71,RA,0,M,0.0,0.06,6.0	
2015-06-09,409188,45376,82463,83,68,76,RA,0,M,0.0,0.01,4.8	
2015-06-10,424356,48296,87403,82,65,74, ,0,M,0.0,0.00,3.2	
2015-06-11,439869,54240,102013,89,72,81,HZ,0,M,0.0,0.00,4.5	
2015-06-12,443026,62623,103052,88,73,81,HZ,0,M,0.0,0.00,4.5	
2015-06-13,428004,69740,101170,86,72,79, ,0,M,0.0,0.00,5.4	
2015-06-14,382037,63489,90856,88,66,77,RA BR,0,M,0.0,0.36,2.6	
2015-06-15,374858,46807,85857,83,64,74,RA BR HZ,0,M,0.0,0.57,4.6	
2015-06-16,400518,45704,89171,79,65,72,RA BR HZ,0,M,0.0,0.27,2.2	
2015-06-17,425743,49082,93706,82,66,74,RA HZ,0,M,0.0,  T,3.8	
2015-06-18,429386,50191,99842,71,64,68, ,0,M,0.0,0.00,3.5	
2015-06-19,436303,59705,101703,87,68,78, ,0,M,0.0,0.00,3.7	
2015-06-20,413866,67109,101667,75,64,70,RA BR HZ,0,M,0.0,  T,5.4	
2015-06-21,366158,60339,89285,88,71,80,RA BR,0,M,0.0,0.64,4.5	
2015-06-22,374849,44124,75418,87,70,79, ,0,M,0.0,0.00,4.9	
2015-06-23,406139,47747,93172,90,75,83, ,0,M,0.0,0.02,5.9	
2015-06-24,411370,48234,91388,84,68,76, ,0,M,0.0,0.00,4.6	
2015-06-25,419739,51862,100073,83,65,74, ,0,M,0.0,0.00,3.1	
2015-06-26,425774,58371,99508,81,69,75, ,0,M,0.0,0.00,4.5	
2015-06-27,445861,74883,136193,71,58,65,RA BR,0,M,0.0,1.12,7.4	
2015-06-28,348433,54632,93108,73,62,68,RA BR,0,M,0.0,0.29,5.3	
2015-06-29,359808,41397,74430,76,63,70, ,0,M,0.0,0.00,4.8	
2015-06-30,374240,42981,82627,82,68,75,BR,0,M,0.0,0.04,4.9	
2015-07-01,390084,49634,0,82,69,76,RA BR,0,M,0.0,0.39,4.3	
2015-07-02,365953,51527,0,80,69,75, ,0,M,0.0,0.00,1.2	
2015-07-03,304176,51202,0,82,66,74, ,0,M,0.0,0.00,2.8	
2015-07-04,254353,53768,0,75,69,72,RA,0,M,0.0,  T,3.3	
2015-07-05,275555,51192,0,83,68,76, ,0,M,0.0,0.00,1.5	
2015-07-06,315526,39607,0,83,72,78,HZ,0,M,0.0,0.00,3.0	
2015-07-07,367579,41372,0,88,75,82,BR,0,M,0.0,0.12,4.8	
2015-07-08,393186,44912,0,88,77,83,HZ,0,M,0.0,  T,3.2	
2015-07-09,405656,49217,0,79,68,74,RA BR HZ,0,M,0.0,0.30,4.6	
2015-07-10,401014,54007,0,84,72,78, ,0,M,0.0,0.00,4.6	
2015-07-11,407202,65403,0,88,69,79, ,0,M,0.0,0.00,2.4	
2015-07-12,364211,55678,0,89,72,81, ,0,M,0.0,0.00,2.0	
2015-07-13,350162,39975,0,88,73,81, ,0,M,0.0,0.00,2.7	
2015-07-14,385566,41019,0,82,73,78,RA BR,0,M,0.0,0.42,2.6	
2015-07-15,404755,44259,0,81,72,77,RA BR HZ,0,M,0.0,0.12,4.4	
2015-07-16,400140,46468,0,80,64,72, ,0,M,0.0,0.00,5.6	
2015-07-17,365045,47302,0,81,67,74, ,0,M,0.0,0.00,3.8	
2015-07-18,403824,63367,0,85,71,78,RA FG BR,0,M,0.0,0.32,4.4	
2015-07-19,395475,60375,0,93,78,86, ,0,M,0.0,0.00,3.2	
2015-07-20,374211,43366,0,94,82,88, ,0,M,0.0,0.00,4.5	
2015-07-21,375036,42821,0,89,74,82, ,0,M,0.0,  T,2.5	
2015-07-22,392078,44867,0,85,69,77, ,0,M,0.0,0.00,5.8	
2015-07-23,404102,47678,0,86,68,77, ,0,M,0.0,0.00,3.7	
2015-07-24,403878,55290,0,87,70,79, ,0,M,0.0,0.00,2.1	
2015-07-25,387034,66372,0,88,69,79, ,0,M,0.0,0.00,3.2	
2015-07-26,349537,55769,0,90,74,82, ,0,M,0.0,  T,4.5	
2015-07-27,348629,39821,0,86,71,79,BR,0,M,0.0,0.36,3.0	
2015-07-28,384234,42197,0,95,75,85,HZ,0,M,0.0,0.00,2.6	
2015-07-29,405923,45820,0,96,78,87, ,0,M,0.0,0.00,3.8	
2015-07-30,390844,49235,0,87,76,82,RA FG BR HZ,0,M,0.0,1.95,4.3	
2015-07-31,397815,58151,0,89,72,81,HZ,0,M,0.0,0.00,3.3	
2015-08-01,389728,67702,0,89,75,82, ,0,M,0.0,0.00,4.4	
2015-08-02,348541,56700,0,89,71,80, ,0,M,0.0,0.00,2.0	
2015-08-03,348819,41759,0,90,75,83, ,0,M,0.0,0.00,5.0	
2015-08-04,376465,42253,0,89,69,79,RA BR,0,M,0.0,0.43,5.3	
2015-08-05,391642,43758,0,87,72,80, ,0,M,0.0,0.00,2.8	
2015-08-06,391002,46777,0,83,67,75, ,0,M,0.0,0.00,2.4	
2015-08-07,386930,53776,0,84,69,77, ,0,M,0.0,0.00,5.3	
2015-08-08,363549,64827,0,82,68,75, ,0,M,0.0,0.00,3.9	
2015-08-09,317615,54309,0,85,68,77, ,0,M,0.0,0.00,3.9	
2015-08-10,321006,38228,0,84,70,77, ,0,M,0.0,0.00,4.4	
2015-08-11,357209,40248,0,81,71,76,RA BR,0,M,0.0,1.17,4.2	
2015-08-12,370323,42982,0,85,71,78, ,0,M,0.0,0.00,4.6	
2015-08-13,380992,47162,0,83,67,75, ,0,M,0.0,0.00,3.2	
2015-08-14,377925,54988,0,88,67,78, ,0,M,0.0,0.00,3.0	
2015-08-15,370379,65254,0,92,73,83, ,0,M,0.0,0.00,3.4	
2015-08-16,335299,55389,0,93,76,85, ,0,M,0.0,0.00,1.6	
2015-08-17,338247,40875,0,95,78,87, ,0,M,0.0,0.00,3.3	
2015-08-18,370681,40956,0,90,73,82,RA BR HZ,0,M,0.0,0.29,4.0	
2015-08-19,380357,43603,0,87,77,82, ,0,M,0.0,0.00,4.0	
2015-08-20,388317,47738,0,86,77,82,RA BR,0,M,0.0,0.01,5.6	
2015-08-21,381052,54970,0,87,71,79,RA BR,0,M,0.0,0.32,4.2	
2015-08-22,357435,64497,0,86,69,78,HZ,0,M,0.0,0.00,4.4	
2015-08-23,316240,54477,0,85,70,78, ,0,M,0.0,0.00,4.0	
2015-08-24,317591,38720,0,87,73,80, ,0,M,0.0,0.00,2.5	
2015-08-25,346943,38988,0,90,73,82, ,0,M,0.0,0.00,3.9	
2015-08-26,356497,40569,0,85,67,76, ,0,M,0.0,0.00,3.9	
2015-08-27,368367,44111,0,82,67,75, ,0,M,0.0,0.00,3.1	
2015-08-28,367124,51835,0,82,63,73, ,0,M,0.0,0.00,2.4	
2015-08-29,359028,61137,0,87,67,77, ,0,M,0.0,0.00,1.9	
2015-08-30,332559,53489,0,90,72,81,RA,0,M,0.0,0.13,4.0	
2015-08-31,322442,40266,0,91,76,84, ,0,M,0.0,0.00,4.4	
2015-09-01,352785,41553,0,90,76,83, ,0,M,0.0,0.00,2.3	
2015-09-02,368359,43424,0,91,74,83,HZ,0,M,0.0,0.00,1.7	
2015-09-03,378290,48372,0,93,74,84,HZ,0,M,0.0,0.00,2.1	
2015-09-04,362215,54097,0,85,72,79,HZ,0,M,0.0,0.00,6.9	
2015-09-05,331641,58829,0,83,67,75, ,0,M,0.0,0.00,4.1	
2015-09-06,300961,53123,0,87,65,76, ,0,M,0.0,0.00,1.3	
2015-09-07,284320,42077,0,92,70,81, ,0,M,0.0,0.00,4.2	
2015-09-08,374896,42998,0,97,76,87, ,0,M,0.0,0.00,4.8	
2015-09-09,396662,46777,0,90,76,83,RA BR,0,M,0.0,  T,3.8	
2015-09-10,401271,53057,0,79,70,75,RA BR HZ,0,M,0.0,1.58,6.2	
2015-09-11,411777,56693,0,81,66,74,BR,0,M,0.0,0.00,5.1	
2015-09-12,433864,66962,0,79,69,74,RA BR,0,M,0.0,0.29,4.2	
2015-09-13,382996,55514,0,80,62,71, ,0,M,0.0,0.04,6.3	
2015-09-14,345874,39199,0,77,59,68, ,0,M,0.0,0.00,6.4	
2015-09-15,377652,41158,0,84,62,73, ,0,M,0.0,0.00,2.2	
2015-09-16,400429,46824,0,88,66,77, ,0,M,0.0,0.00,1.4	
2015-09-17,410912,49964,0,89,68,79, ,0,M,0.0,0.00,2.2	
2015-09-18,428139,57537,0,87,68,78, ,0,M,0.0,0.00,2.1	
2015-09-19,442543,68348,0,83,68,76,HZ,0,M,0.0,0.00,2.7	
2015-09-20,393050,57182,0,79,64,72, ,0,M,0.0,0.00,7.9	
2015-09-21,359066,42266,0,73,59,66, ,0,M,0.0,0.00,7.6	
2015-09-22,367802,40881,0,71,62,67, ,0,M,0.0,0.00,7.0	
2015-09-23,358590,41171,0,80,59,70, ,0,M,0.0,0.00,2.8	
2015-09-24,324746,40162,0,82,60,71, ,0,M,0.0,0.00,4.3	
2015-09-25,365190,54180,0,76,63,70, ,0,M,0.0,0.00,6.3	
2015-09-26,427332,65594,0,72,61,67, ,0,M,0.0,0.00,6.1	
2015-09-27,378594,54856,0,71,56,64, ,0,M,0.0,0.00,4.8	
2015-09-28,323275,41854,0,78,65,72, ,0,M,0.0,0.00,3.4	
2015-09-29,360478,43666,0,83,72,78,RA BR,0,M,0.0,0.11,2.7	
2015-09-30,381354,46608,0,79,59,69,RA BR,0,M,0.0,1.26,8.3	
2015-10-01,394043,54340,0,64,56,60,RA,0,M,0.0,0.09,8.7	
2015-10-02,414289,65765,0,57,48,53,RA BR,0,M,0.0,1.08,12.5	
2015-10-03,412691,61386,0,55,49,52,RA BR,0,M,0.0,0.35,11.5	
2015-10-04,365206,51988,0,63,53,58, ,0,M,0.0,0.00,10.7	
2015-10-05,344810,40960,0,67,52,60, ,0,M,0.0,0.00,6.3	
2015-10-06,374278,42044,0,73,52,63, ,0,M,0.0,0.00,1.6	
2015-10-07,390959,44441,0,73,58,66, ,0,M,0.0,0.00,3.0	
2015-10-08,407578,49428,0,72,59,66, ,0,M,0.0,0.00,3.4	
2015-10-09,402648,59289,0,78,61,70,RA BR HZ,0,M,0.0,0.89,4.1	
2015-10-10,432672,63203,0,65,50,58, ,0,M,0.0,0.00,2.5	
2015-10-11,378262,54782,0,69,53,61, ,0,M,0.0,0.00,3.7	
2015-10-12,328405,36379,0,77,56,67, ,0,M,0.0,0.00,3.9	
2015-10-13,379473,42850,0,72,61,67, ,0,M,0.0,0.01,3.6	
2015-10-14,392801,44886,0,69,57,63, ,0,M,0.0,0.00,3.9	
2015-10-15,407496,49586,0,64,51,58, ,0,M,0.0,0.00,4.1	
2015-10-16,430414,58548,0,64,53,59, ,0,M,0.0,0.00,5.4	
2015-10-17,459236,68948,0,56,42,49, ,0,M,0.0,0.00,5.9	
2015-10-18,400212,58732,0,50,38,44, ,0,M,0.0,0.00,5.0	
2015-10-19,366862,42702,0,53,35,44, ,0,M,0.0,0.00,3.8	
2015-10-20,377804,43180,0,70,48,59, ,0,M,0.0,0.00,6.1	
2015-10-21,389756,44853,0,76,57,67, ,0,M,0.0,0.00,2.3	
2015-10-22,410692,48603,0,75,58,67, ,0,M,0.0,0.00,4.7	
2015-10-23,428675,58747,0,65,45,55,HZ,0,M,0.0,0.00,6.7	
2015-10-24,436244,67376,0,57,40,49, ,0,M,0.0,0.00,4.0	
2015-10-25,390337,55317,0,68,48,58,RA,0,M,0.0,0.05,4.9	
2015-10-26,356914,41874,0,58,46,52, ,0,M,0.0,0.00,3.9	
2015-10-27,381755,43212,0,59,45,52, ,0,M,0.0,0.00,4.4	
2015-10-28,386939,51067,0,69,53,61,RA FG BR,0,M,0.0,1.40,6.8	
2015-10-29,403670,49701,0,73,57,65, ,0,M,0.0,0.04,6.5	
2015-10-30,428785,63849,0,61,48,55, ,0,M,0.0,0.00,5.9	
2015-10-31,441582,72500,0,56,42,49, ,0,M,0.0,0.00,3.0	
2015-11-01,390105,62797,0,65,54,60, ,0,M,0.0,0.00,5.0	
2015-11-02,348560,41085,0,63,54,59, ,0,M,0.0,0.00,2.1	
2015-11-03,364999,40379,0,72,48,60, ,0,M,0.0,0.00,2.5	
2015-11-04,384089,43999,0,70,56,63,BR,0,M,0.0,0.00,2.4	
2015-11-05,402181,49863,0,71,56,64,BR HZ,0,M,0.0,0.01,2.1	
2015-11-06,419288,56664,0,74,66,70,BR,0,M,0.0,0.00,4.7	
2015-11-07,443933,66459,0,72,53,63, ,0,M,0.0,0.00,4.4	
2015-11-08,392409,55621,0,56,46,51, ,0,M,0.0,0.00,3.5	
2015-11-09,352729,41147,0,59,43,51, ,0,M,0.0,0.00,2.0	
2015-11-10,378051,47552,0,57,51,54,RA BR,0,M,0.0,0.26,9.9	
2015-11-11,372002,42148,0,58,49,54,RA BR,0,M,0.0,0.43,4.8	
2015-11-12,406649,49557,0,61,51,56,BR HZ,0,M,0.0,0.01,5.5	
2015-11-13,427717,60519,0,58,46,52, ,0,M,0.0,0.00,10.8	
2015-11-14,446987,70289,0,49,42,46, ,0,M,0.0,0.00,7.8	
2015-11-15,381213,56058,0,58,39,49, ,0,M,0.0,0.00,4.7	
2015-11-16,347615,41105,0,67,51,59, ,0,M,0.0,0.00,4.1	
2015-11-17,384488,44727,0,52,40,46, ,0,M,0.0,0.00,6.2	
2015-11-18,391321,45494,0,58,46,52, ,0,M,0.0,0.00,5.2	
2015-11-19,394591,56609,0,64,57,61,RA BR,0,M,0.0,1.25,5.6	
2015-11-20,422421,59936,0,64,46,55, ,0,M,0.0,0.00,5.8	
2015-11-21,439304,68434,0,53,42,48, ,0,M,0.0,0.00,6.4	
2015-11-22,376593,56226,0,55,42,49, ,0,M,0.0,0.03,6.3	
2015-11-23,366012,45431,0,44,33,39, ,0,M,0.0,0.00,5.7	
2015-11-24,377950,46597,0,46,32,39, ,0,M,0.0,0.00,3.9	
2015-11-25,358723,51013,0,50,36,43, ,0,M,0.0,0.00,2.7	
2015-11-26,242393,49041,0,60,41,51, ,0,M,0.0,0.00,3.0	
2015-11-27,275078,41880,0,64,51,58,BR,0,M,0.0,0.00,3.9	
2015-11-28,344527,49869,0,64,45,55, ,0,M,0.0,0.02,M	
2015-11-29,333746,47662,0,49,38,44, ,0,M,0.0,0.00,M	
2015-11-30,347002,41823,0,47,33,40, ,0,M,0.0,0.00,5.6	
2015-12-01,374390,47290,0,51,44,48,RA,0,M,0.0,0.33,6.6	
2015-12-02,379756,47061,0,57,46,52,RA,0,M,0.0,0.14,2.9	
2015-12-03,414005,51587,0,55,44,50, ,0,M,0.0,  T,8.4	
2015-12-04,431007,59348,0,51,42,47, ,0,M,0.0,0.00,4.3	
2015-12-05,451092,68091,0,51,40,46, ,0,M,0.0,0.00,2.2	
2015-12-06,398882,55330,0,53,39,46, ,0,M,0.0,0.00,3.3	
2015-12-07,371715,42302,0,54,42,48, ,0,M,0.0,0.00,3.8	
2015-12-08,382226,44300,0,49,41,45, ,0,M,0.0,0.00,4.5	
2015-12-09,391440,46911,0,55,40,48, ,0,M,0.0,0.00,4.2	
2015-12-10,406176,50709,0,60,51,56, ,0,M,0.0,  T,4.3	
2015-12-11,427829,60113,0,61,50,56, ,0,M,0.0,0.00,4.7	
2015-12-12,439266,68101,0,66,55,61,HZ,0,M,0.0,  T,2.0	
2015-12-13,377073,58207,0,67,55,61,HZ,0,M,0.0,0.00,3.4	
2015-12-14,370299,45771,0,67,53,60,RA BR HZ,0,M,0.0,0.33,4.6	
2015-12-15,396958,46266,0,68,53,61, ,0,M,0.0,0.09,10.4	
2015-12-16,417643,51111,0,53,46,50,RA,0,M,0.0,0.04,5.3	
2015-12-17,418508,57754,0,59,50,55,RA BR HZ,0,M,0.0,1.21,4.9	
2015-12-18,458701,67735,0,57,38,48,RA,0,M,0.0,  T,6.8	
2015-12-19,460986,73435,0,40,35,38, ,0,M,0.0,0.00,9.3	
2015-12-20,385155,58388,0,43,34,39, ,0,M,0.0,0.00,6.0	
2015-12-21,347282,45437,0,56,39,48, ,0,M,0.0,0.00,7.2	
2015-12-22,355205,47148,0,62,53,58,RA BR HZ,0,M,0.0,0.19,4.8	
2015-12-23,339355,52780,0,64,52,58,RA BR HZ,0,M,0.0,1.55,3.6	
2015-12-24,297167,56420,0,72,63,68,RA BR HZ,0,M,0.0,0.01,4.4	
2015-12-25,188254,39236,0,66,57,62,RA BR HZ,0,M,0.0,0.01,0.8	
2015-12-26,238646,39455,0,59,47,53,RA BR,0,M,0.0,  T,8.0	
2015-12-27,268841,39514,0,61,46,54,RA BR,0,M,0.0,0.12,5.7	
2015-12-28,301398,38612,0,46,34,40,RA UP HZ,0,M,  T,0.03,8.3	
2015-12-29,311730,38222,0,46,34,40,RA BR UP,0,M,  T,0.45,7.0	
2015-12-30,319649,44696,0,48,38,43,RA BR HZ,0,M,0.0,0.19,4.1	
2015-12-31,339939,66960,0,48,42,45, ,0,M,0.0,0.03,5.4	
